id;nombre;apellido;cuit;email
1;mobile Fish;Home Loan Account Table Computer;Trace;
2;Producer;Implementation Electronics Officer;methodology Albania;
3;Steel zero administration;Multi-channelled Licensed;grey Cambridgeshire;
4;Centers;Factors;South Dakota envisioneer Music;
5;Investment Account;Games Regional Digitized;copy convergence;
6;synthesizing Views e-enable;Credit Card Account National Awesome;Aruba;
7;South Georgia and the South Sandwich Islands;compelling mission-critical;bifurcated scalable;
8;orange Books;magenta monitor 1080p;Unbranded Plastic Tuna Frozen;
9;Fantastic Plastic Chicken;payment;withdrawal COM;
10;hard drive Robust Networked;Poland;Small partnerships;
